<?xml version="1.0" encoding="UTF-8" standalone="no"?>
<!-- Generated 30-ene-2020 11:54:00 by Hibernate Tools 5.4.7.Final --><!DOCTYPE hibernate-mapping PUBLIC "-//Hibernate/Hibernate Mapping DTD 3.0//EN" "http://www.hibernate.org/dtd/hibernate-mapping-3.0.dtd">
<hibernate-mapping auto-import="true" default-access="property" default-cascade="none" default-lazy="true">
    <class dynamic-insert="false" dynamic-update="false" mutable="true" name="com.adrian.hibernate3.Series" optimistic-lock="version" polymorphism="implicit" select-before-update="false" table="series">
        <id name="codSerie" type="int">
            <column name="cod_serie"/>
            <generator class="assigned"/>
        </id>
        <many-to-one class="com.adrian.hibernate3.Televisiones" embed-xml="true" fetch="select" insert="true" name="televisiones" not-found="exception" optimistic-lock="true" unique="false" update="true">
            <column length="6" name="codtele"/>
        </many-to-one>
        <property generated="never" lazy="false" name="nombre" optimistic-lock="true" type="string" unique="false">
            <column length="66" name="nombre"/>
        </property>
        <property generated="never" lazy="false" name="duracion" optimistic-lock="true" type="java.lang.Integer" unique="false">
            <column name="duracion"/>
        </property>
    </class>
</hibernate-mapping>
